Name,Population,ScienceName,FavoriteSnack,CreditCard,HomeofOrigin
,173752,Vulpes vulpes,Digoxin,5038641708751093616,Sweden
"Deer, swamp",224290,,,3560440967541420,
"Lemur, grey mouse",79581,Microcebus murinus,,3573295245450041,China
Peregrine falcon,476328,Falco peregrinus,,6763065583872565860,China
"Stork, white-necked",238024,Ciconia episcopus,,201858523523973,Russia
Crested screamer,396381,Chauna torquata,SALICYLIC ACID,3537496649932692,Russia
"Monitor, white-throated",126508,Varanus albigularis,,4844312504349219,Japan
"Brocket, red",328459,Mazama americana,retapamulin,5100134532052136,Philippines
"Cow, scottish highland",104510,Bos taurus,,5610634357993499,Nigeria
"Penguin, galapagos",180792,Spheniscus mendiculus,Spironolactone,3557699573393774,Switzerland
Red-necked phalarope,169559,Phalaropus lobatus,,6304766322724580,China
Chameleon (unidentified),264945,Chamaelo sp.,TOPICAL STARCH,3585880505792160,Russia
Rainbow lory,315444,Trichoglossus haematodus moluccanus,,6387540382828072,Philippines
Pygmy possum,26247,Acrobates pygmaeus,Triamterene and Hydrochlorothiazide,3550088936803132,Portugal
African skink,133743,Mabuya spilogaster,,3559638456642251,Japan
"Cardinal, black-throated",266951,Paroaria gularis,Octinoxate,3550782688103952,Russia
Crab (unidentified),268280,unavailable,,5441909263646331,Colombia
"Shark, blue",161702,Prionace glauca,,36853957531841,Zambia
"Peacock, blue",494171,Pavo cristatus,Lisinopril,5102574759826548,Guatemala
River wallaby,21085,Macropus agilis,Octinoxate and Titanium dioxide,,China
Red hartebeest,104624,Alcelaphus buselaphus caama,,5602211810757470,Guatemala
"Squirrel, golden-mantled ground",52688,Spermophilus lateralis,,4508030777423399,United States
Radiated tortoise,98016,Geochelone radiata,Miconazole Nitrate,6762998701654261,China
Antelope ground squirrel,82489,Ammospermophilus nelsoni,Olanzapine,3554108882948362,Iran
Galapagos hawk,161306,Buteo galapagoensis,clotrimazole,3528221732095616,Ireland
Tammar wallaby,253925,Macropus eugenii,ETHYL ALCOHOL,3555169966776581,Bolivia
"Monster, gila",60195,Heloderma horridum,,3530348035409362,Colombia
Long-necked turtle,162905,Chelodina longicollis,Warfarin Sodium,3537654463805275,Indonesia
"Goose, canada",488039,Branta canadensis,"Chlophedianol Hydrochloride, Chlorphenirmine Maleate, Pseudoephedrine Hydrochloride",5338326235597326,Russia
"Bat, little brown",339013,Myotis lucifugus,,4917791453672493,Czech Republic
Eastern cottontail rabbit,106596,Sylvilagus floridanus,Zolpidem Tartrate,676267072788382491,Indonesia
Small-spotted genet,373613,Genetta genetta,clopidogrel,3576339025582644,China
"Waxbill, violet-eared",275941,,OCTINOXATE and TITANIUM DIOXIDE,3580283128538810,
"Cockatoo, red-breasted",191998,Eolophus roseicapillus,,3549076920310101,India
"Phascogale, brush-tailed",8969,Phascogale tapoatafa,"Calendula officinalis, Bellis Perennis, Ledum Palustre, Arnica Montana, Phosphorus",3554778368703851,Russia
"Shelduck, common",339020,Tadorna tadorna,,5463231038880373,China
"Cat, african wild",119368,,Mycophenolate Mofetil,5100132776045386,
Galapagos dove,306953,Zenaida galapagoensis,,3587493189679378,Philippines
"Lion, california sea",216895,Zalophus californicus,OXYGEN,3536791402120290,Philippines
Dromedary camel,271414,Camelus dromedarius,,6381182796404855,Russia
Ring-tailed possum,474187,Pseudocheirus peregrinus,Naproxen,3561128749662353,Indonesia
"Fox, blue",45104,Alopex lagopus,"Acetaminophen,Phenylephrine HCl, Chlorpheniramine maleate",5456878205189803,Albania
"Possum, golden brush-tailed",187819,Trichosurus vulpecula,,3547974048855373,Sweden
Common zebra,372194,Equus burchelli,Zonisamide,4405553374020643,Philippines
Savannah deer,97637,,,3546302524672578,
"Stork, woolly-necked",279974,Ciconia episcopus,Loperamide HCl,3562321363604004,China
Numbat,28735,Myrmecobius fasciatus,,3571519083592859,China
,73570,Corallus hortulanus cooki,Clindamycin Hydrochloride,3538986556310493,Sweden
"Skimmer, four-spotted",354064,Libellula quadrimaculata,Plum,3531986346761390,Indonesia
Red-tailed wambenger,42305,Phascogale calura,,67710081371243387,Democratic Republic of the Congo
"Siskin, pine",16875,,Amlodipine Besylate and Benazepril HCL,56022137007156629,
Bobcat,466114,Felis rufus,,3557048571765908,United States
"Falcon, peregrine",65652,Falco peregrinus,,3533334992229842,Argentina
"Phalarope, grey",283059,Phalaropus fulicarius,Colloidal Oatmeal,0604704144954473504,Indonesia
Brown hyena,60982,Hyaena brunnea,"Eucalyptol, Menthol, Methyl Salicylate, and Thymol",374622924600124,Indonesia
Timber wolf,217242,Canis lupus lycaon,,6771739454397603249,Morocco
Chimpanzee,62154,Pan troglodytes,"Avobenzone, Octinoxate, Octisalate",677162404122807525,France
White-bellied sea eagle,2416,Haliaetus leucogaster,,3558075073873384,China
Black swan,482972,Cygnus atratus,Oxybutynin Chloride,63047691153520746,China
Greater roadrunner,277581,Geococcyx californianus,Miconazole Nitrate,676365014377143042,Egypt
Brazilian otter,6214,Pteronura brasiliensis,TRICLOSAN,5108753884651575,Brazil
Nyala,360011,Tragelaphus angasi,Sulfasalazine,30563392494945,Iran
House crow,300154,Corvus brachyrhynchos,ETHYL ALCOHOL,3582317716843568,Czech Republic
Canadian tiger swallowtail butterfly,184234,Papilio canadensis,,3566599486368369,China
"Boa, mexican",448336,Boa constrictor mexicana,pyrithione zinc,6762918343087027,Japan
Two-toed tree sloth,156717,Choloepus hoffmani,amlodipine besylate and atorvastatin calcium,346310500182312,Russia
"Butterfly, tropical buckeye",427639,Junonia genoveua,,3576366458806786,China
"Bandicoot, short-nosed",348609,,,3545120588553794,
Fat-tailed dunnart,92371,Smithopsis crassicaudata,,5451884101357408,Indonesia
Ovenbird,264095,Seiurus aurocapillus,,3582714712356258,Pakistan
"Skink, african",286664,Mabuya spilogaster,Olanzapine,3536267864853942,Czech Republic
,161365,Melophus lathami,CEFTAZIDIME,374622067127661,Nigeria
Turtle (unidentified),234351,unavailable,"Nickel Sulfate, Potassium Bromide, Sodium Bromide, Zinc Sulfate Anhydrous, and Sulfur",3579847244035696,Mozambique
Common ringtail,452105,Pseudocheirus peregrinus,,3545903617572319,Czech Republic
"Bushbaby, large-eared",318828,,ARIPIPRAZOLE,3573202306783773,
"Crane, blue",65989,Anthropoides paradisea,"Belladonna, Calcarea carbonica, Phosphorus, Pulsatilla (Vulgaris), Silicea,",5602256321536264137,Gabon
Curve-billed thrasher,220080,Toxostoma curvirostre,,5195839336136515,Philippines
"Gecko, bent-toed",447647,Cyrtodactylus louisiadensis,Pyrithione Zinc,,Colombia
Red-legged pademelon,391054,Thylogale stigmatica,,3548515040372690,Ukraine
"Gecko, tokay",475920,Gekko gecko,N/A,5602233754186326,Thailand
"Grebe, little",119246,,Potassium Chloride,374288039521140,
Madagascar hawk owl,297622,Ninox superciliaris,Arabic Gum,3573166892136920,China
Common raccoon,425484,,Ferrum sidereum Pancreas 10/4,5641821079665314,
"Sandgrouse, yellow-throated",87610,Pterocles gutturalis,,3565648078085468,China
Long-necked turtle,488149,Chelodina longicollis,BENZALKONIUM CHLORIDE AND PRAMOXINE HYDROCHLORIDE,372301165929888,Slovenia
Buttermilk snake,194465,Coluber constrictor,,3533018185806165,Indonesia
Superb starling,102389,Lamprotornis superbus,Goat Epithelium,4041370575110,Indonesia
"Kangaroo, jungle",42383,Macropus agilis,"Agnus Castus, Ambra Grisea, Conium Maculatum, Apiolum, Estradiol, Estriol, Folliculinum, L-Dopa, Melatonin, Testosterone, Alpha-Lipocicum Acidum",36357853804062,Chile
,366860,Francolinus coqui,Hydrochlorothiazide,3573468995421286,China
"Eagle, long-crested hawk",205980,Lophoaetus occipitalis,,3536350019211461,Sweden
White-browed owl,321967,Ninox superciliaris,"Homosalate, Octocrylene, Octisalate, Avobenzone",3547164655375143,Belarus
"Crow, pied",274851,Corvus albus,Glycerin,342051856621750,Japan
Red-billed toucan,4048,Ramphastos tucanus,Orange Pekoe Tea,6333414557565670518,Philippines
"Fox, grey",226634,,,6759921698325716365,
White-browed owl,208755,Ninox superciliaris,,,American Samoa
,99117,Ceratotherium simum,,3546993066417180,Dominican Republic
Brush-tailed rat kangaroo,455586,Bettongia penicillata,Octreotide Acetate,36015680353709,Portugal
Short-nosed bandicoot,386913,Isoodon obesulus,Alcohol,3561203084778112,Malawi
Lesser flamingo,294704,,,5048375351316566,
Tsessebe,496698,Damaliscus lunatus,ranolazine,3531954620746412,Indonesia
Eleven-banded armadillo (unidentified),54637,Cabassous sp.,"Acetaminophen, Phenylephrine HCl and Dextromethorphan HBr",3543629535108710,Netherlands
Miner's cat,131812,Bassariscus astutus,Aspirin,3571641839240516,China
Blue-tongued lizard,173172,Tiliqua scincoides,Oxycodone and Acetaminophen,3550647145224701,Argentina
Tiger cat,490671,,,3530391265000808,
American buffalo,322294,Bison bison,,30258547548428,Japan
Sockeye salmon,480675,Oncorhynchus nerka,,3575051021575396,Portugal
Small-spotted genet,319338,Genetta genetta,Psyllium Husk,5893969347619517,Canada
Kalahari scrub robin,434003,Certotrichas paena,,3534230357825266,Thailand
Arctic hare,186029,Lepus arcticus,,3581001282625655,Philippines
,362669,Corvus brachyrhynchos,,,Nigeria
Pied cormorant,207104,Phalacrocorax varius,Titanium Dioxide and Octinoxate,5368944346412368,Philippines
"Kangaroo, western grey",37365,Macropus fuliginosus,Burr Oak,5188879346328347,Iran
,499235,Stercorarius longicausus,,36044449688841,Brazil
Mexican wolf,261060,,"Acetaminophen, Dextromethorphan Hydrobromide, Doxylamine Succinate",3582370752897071,
"Fox, silver-backed",224028,Vulpes chama,Octreotide acetate,3569157065587847,China
Tarantula,148003,Lasiodora parahybana,,6331105429170942385,Colombia
"Seal, harbor",113529,Phoca vitulina,Formalinum,3564267237387458,France
Indian peacock,329830,Pavo cristatus,,5602214437859448,Greece
"Blackbird, red-winged",153537,Agelaius phoeniceus,"Acetaminophen, Dextromethorphan Hydrobromide, Phenylephrine Hydrochloride",3534066778263368,Portugal
"Otter, african clawless",4255,Aonyx capensis,,6709609892251352816,Mozambique
Tarantula,344179,Lasiodora parahybana,OCTINOXATE,201863886148442,China
Ringtail,299641,Bassariscus astutus,,3528842795001330,Brazil
"Lion, galapagos sea",412503,Zalophus californicus,,3551033998849903,China
"Avocet, pied",475245,Recurvirostra avosetta,valsartan and hydrochlorothiazide,5100130006097987,Bolivia
Sugar glider,375977,Petaurus breviceps,"Avobenzone, Homosalate, Octisalate, Octocrylene, and Oxybenzone",4913027016693161,China
"Pie, rufous tree",193714,Dendrocitta vagabunda,PROMETHAZINE HYDROCHLORIDE,6391913065726349,China
"Cat, miner's",203954,Bassariscus astutus,,374288594549460,Vietnam
"Raven, white-necked",364381,Corvus albicollis,,3559116949521796,Ukraine
"Raven, white-necked",146315,Corvus albicollis,Fluconazole,201788137950959,United States
Woolly-necked stork,259705,Ciconia episcopus,Triclosan,30502352572563,Russia
"Hornbill, red-billed",467965,Tockus erythrorhyncus,ROPIVACAINE HYDROCHLORIDE MONOHYDRATE,,Chad
"Cat, long-tailed spotted",27935,Felis wiedi or Leopardus weidi,LIDOCAINE HYDROCHLORIDE,201430406333035,Indonesia
,351728,Centrocercus urophasianus,ETHYL ALCOHOL,3578149862981447,Portugal
Impala,305195,Aepyceros mylampus,Fluoxetine Hydrochloride,490507120013791071,Canada
"Bleu, red-cheeked cordon",233945,Uraeginthus bengalus,Mixture of Standardized Mites,3555409831008301,China
Blackbuck,124055,Antilope cervicapra,,5498928098756406,Argentina
Greater blue-eared starling,10765,Lamprotornis chalybaeus,Kochia scoparia,201786054913844,Russia
Little blue penguin,217769,Eudyptula minor,,5610360428089659,China
Yellow-rumped siskin,318839,Carduelis uropygialis,AMLODIPINE BESYLATE TABLET,4041598390329627,Portugal
"Marmot, yellow-bellied",485571,Marmota flaviventris,Levomefolate Calcium and Algal Powder,4041370439779158,Peru
"Opossum, american virginia",253680,Didelphis virginiana,,3579487235509191,Armenia
Common wombat,177602,Vombatus ursinus,,6706565600745623991,Sweden
"Parakeet, rose-ringed",446506,Psittacula krameri,,4508926613505788,United States
,121615,Neophron percnopterus,Diphenhydramine HCl,201523874842857,Canada
Saddle-billed stork,432771,,,3575431569607563,
"Glider, sugar",145758,Petaurus breviceps,Hyoscyamine Sulfate,3566010427284723,China
Grey lourie,8035,Lorythaixoides concolor,Octinoxate and Zinc Oxide,4911954930903057,China
"Jaeger, long-tailed",449157,Stercorarius longicausus,,5100173540319517,Chad
"Francolin, swainson's",160388,Francolinus swainsonii,Flomax,30336000929473,Philippines
Sportive lemur,441000,Lepilemur rufescens,dimethyl fumarate,4281048758215,Nigeria
Rainbow lory,319864,Trichoglossus haematodus moluccanus,,3583880623244591,Iraq
Common goldeneye,302954,Bucephala clangula,Lithium Carbonate,56105362310384714,China
Common melba finch,250161,Pytilia melba,TOPIRAMATE,560221782378692098,Philippines
Agouti,175806,Dasyprocta leporina,Amoxicillin and Clavulanate Potassium,6387698951557744,Philippines
"Baboon, olive",398832,Papio cynocephalus,Loratadine,3574550415874290,Portugal
Common goldeneye,218678,Bucephala clangula,,3577345645192093,Indonesia
Madagascar hawk owl,308122,Ninox superciliaris,,3541777249762694,Russia
Little blue penguin,345451,,SODIUM FLUORIDE,3573712853362649,
"Squirrel, arctic ground",7639,Spermophilus parryii,,3587181178933969,Morocco
Scottish highland cow,386415,Bos taurus,,6771054625586898941,China
Brown lemur,136,Lemur fulvus,,3535175349364255,Palestinian Territory
Long-tailed jaeger,12807,,Metolazone,5610597508424233924,
"Porcupine, indian",481647,,Morphine Sulfate,564182252437508569,
Vervet monkey,402810,Cercopithecus aethiops,,561074134102331310,Australia
Greater flamingo,13046,Phoenicopterus ruber,,3562711012262602,Portugal
"Heron, gray",472895,Ardea cinerea,BISMUTH SUBSALICYLATE,372301525500544,Uzbekistan
"Seal, southern elephant",38684,Mirounga leonina,,5572938712084365,Poland
Grizzly bear,463030,Ursus arctos,ESCITALOPRAM OXALATE,3565234003651508,China
Tarantula,233082,Lasiodora parahybana,,3554964368397437,Thailand
Arctic lemming,49697,Dicrostonyx groenlandicus,,,Thailand
"Ibis, puna",216926,Plegadis ridgwayi,"Berberis vulgaris, Chelidonium majus, Trifolium pratense, Glycyrrhiza glabra, Lappa major, Phytolacca decandra, Rhamnus frangula,",5010129884169438,Indonesia
Puma,144291,Felis concolor,,36533444494783,Laos
Worm snake (unidentified),76451,Carphophis sp.,,3568422515861049,Indonesia
,116114,Picoides pubescens,Cocklebur,6333559130061898,Indonesia
Red-headed woodpecker,90480,Melanerpes erythrocephalus,,3566309795570899,Poland
"Snake, tiger",153139,Notechis semmiannulatus,,372301627065701,Greece
"Ibis, sacred",174390,Threskionis aethiopicus,,3572010970972924,Brazil
"Owl, snowy",54847,Nyctea scandiaca,Miconazole nitrate,3556204173910340,Russia
North American river otter,146947,Lutra canadensis,Benzoyl Perozide,201820453235820,China
Black-crowned night heron,392212,Nycticorax nycticorax,,4041595642059,China
"Dragonfly, russian",166469,Libellula quadrimaculata,,5602234734541127,Egypt
"Heron, green-backed",78971,Butorides striatus,"OCTINOXATE, OXYBENZONE, PADIMATE O",0604298011034725,Russia
Magellanic penguin,395925,Spheniscus magellanicus,Dimethicone,201934060879951,Russia
Magistrate black colobus,231912,,Loperamide Hydrochloride,374283605595776,
Indian porcupine,171369,Hystrix indica,,3581759084752635,Sweden
Brown lemur,95791,,,3575560254976279,
Red-billed buffalo weaver,234725,Bubalornis niger,,3565170338479696,Indonesia
Springhare,367575,Pedetes capensis,,6304867133288102,Brazil
"Tortoise, radiated",195169,Geochelone radiata,,344943847353444,Indonesia
"Tortoise, asian foreset",253905,Manouria emys,MIDAZOLAM HYDROCHLORIDE,5020665521137425538,Indonesia
Wood pigeon,474096,Columba palumbus,BENZOYL PEROXIDE,5007663262388454,Greece
"Antechinus, brown",437039,Antechinus flavipes,Aspirin,,Indonesia
American bison,54515,Bison bison,,3573465962606709,Egypt
Feral rock pigeon,263109,Columba livia,,3574082273321123,China
Moose,120672,Alces alces,Acetaminophen,30421996015717,Indonesia
Giraffe,491604,Giraffe camelopardalis,,3584927030346797,Palestinian Territory
"Camel, dromedary",375047,,"dextromethorphan hydrobromide, guaifenesin",06041530785215538,
Dingo,424582,Canis dingo,Anticoagulant Citrate Phosphate Dextrose (CPD) AND AS-5 Red Cell Preservative,3575682145602797,Philippines
"Baboon, yellow",94741,Papio cynocephalus,"AVOBENZONE, HOMOSALATE, OCTISALATE, OCTOCRYLENE",4911917748730598794,Canada
Sociable weaver,137730,Philetairus socius,SOTALOL HYDROCHLORIDE,3534600896268402,Syria
"Dove, ring",224540,Columba palumbus,Captopril,677154288146130281,Madagascar
"Spoonbill, white",318713,,"Avobenzone, Octisalate, Octocrylene",3539035877832584,
"Shelduck, common",177981,Tadorna tadorna,,3558757185742967,Russia
"Dog, black-tailed prairie",218000,Cynomys ludovicianus,,50182758293860373,Indonesia
Sloth bear,471357,Melursus ursinus,,3562556531024169,Malawi
Grey lourie,273601,Lorythaixoides concolor,,5100138674011891,Japan
Southern lapwing,138615,Vanellus chilensis,Hydroxyzine Pamoate,3575740222319956,Indonesia
Black-winged stilt,231574,,Olanzapine,3541622151723591,
,389339,,Dexamethasone,3577516600303715,
"Shrike, common boubou",398386,Laniarius ferrugineus,,3544567258566319,Colombia
Sacred ibis,360701,Threskionis aethiopicus,,201601281577181,Philippines
"Gecko, tokay",159729,,Fluvoxamine Maleate,4017954380571712,
Yellow-crowned night heron,476030,Nyctanassa violacea,,3574314576535939,South Korea
Purple grenadier,409484,,SALICYLIC ACID,5020182359363392419,
Sarus crane,497530,Grus antigone,Ceftriaxone Sodium,5108751200219457,China
,388230,Bucorvus leadbeateri,Perphenazine,3589829878864672,Russia
"Coot, red-knobbed",427523,Fulica cristata,,503895228253804197,Brazil
Brolga crane,387080,,,36859313757038,
"Cardinal, black-throated",113440,Paroaria gularis,,201708780252073,Poland
"Vulture, king",428612,,,,
"Cormorant, king",92588,Phalacrocorax albiventer,,201632115523620,Spain
"Rhea, gray",82964,Rhea americana,,4175008921938605,Latvia
Levaillant's barbet,334789,Trachyphonus vaillantii,,4873076895695415,Russia
"Snake, western patch-nosed",31093,Salvadora hexalepis,Ibuprofen,3587875811414713,Czech Republic
"Sandgrouse, yellow-throated",445404,Pterocles gutturalis,calcium carbonate,3570079641532468,Argentina
Gulls (unidentified),142841,Larus sp.,Haloperidol,340906441362701,Poland
"Roadrunner, greater",272693,,,3561821059984207,
"Echidna, short-beaked",385856,Tachyglossus aculeatus,,56022236323576740,Poland
Long-billed cockatoo,304915,Cacatua tenuirostris,,201916755314253,Colombia
North American red fox,301514,,,5641820076835540,
,2212,Phalacrocorax albiventer,"colistin sulfate, neomycin sulfate, thonzonium bromide and hydrocortisone acetate",3569655186898571,Poland
Toddy cat,204738,Paradoxurus hermaphroditus,,3573048518306113,Oman
"Heron, striated",481552,Butorides striatus,,,Mexico
"Swan, trumpeter",216428,Cygnus buccinator,,3566645809887757,Democratic Republic of the Congo
Blackish oystercatcher,67536,Haematopus ater,,3530140034911583,China
Hippopotamus,113730,Hippopotamus amphibius,,501872072108095150,Brazil
"Magpie, australian",23108,Gymnorhina tibicen,"Titanium Dioxide, Zinc oxide",3536096979913642,United States
"Macaque, japanese",8874,,,,
"Hornbill, red-billed",96610,,,561062065848683842,
Lava gull,156070,Larus fuliginosus,,6759700047410683915,China
"Pintail, bahama",141654,Anas bahamensis,,560224596451219968,Greece
"Stork, yellow-billed",199753,Mycteria ibis,ABELMOSCHUS,3557816754204337,Cuba
"Catfish, blue",293672,Ictalurus furcatus,,374622349866219,Sweden
Brown hyena,149385,Hyaena brunnea,,201923667615983,Latvia
Red-breasted cockatoo,432824,Eolophus roseicapillus,BIOTIN,502065163371457717,United States
"Bat, madagascar fruit",212358,,,3538721398927364,
Springbuck,12537,Antidorcas marsupialis,Diphenhydramine Hydrochloride,3563282016415462,Croatia
Fringe-eared oryx,209629,Oryx gazella callotis,,201542043682895,Russia
"Racer, american",189775,Coluber constrictor,,3567813977426415,Philippines
Pied kingfisher,461489,Ceryle rudis,,6393424352241495,Albania
Blue waxbill,228162,Uraeginthus angolensis,iloperidone,3582396519475786,Brazil
"Colobus, white-mantled",101324,Colobus guerza,,372301362997761,Tunisia
"Duck, blue",8059,Hymenolaimus malacorhynchus,Lisinopril and Hydrochlorothiazide,,China
Swamp deer,315877,Cervus duvauceli,,4041377940935419,China
Common shelduck,216587,Tadorna tadorna,,4017958120669,China
African porcupine,323681,,Black Locust,5610158238146945,
"Meerkat, red",243578,Cynictis penicillata,Torsemide,3539900237153593,Indonesia
"Hyena, striped",60078,Hyaena hyaena,,4175004696692311,Brazil
"Moorhen, purple",454833,Porphyrio porphyrio,Divalproex Sodium,,China
"Zorro, common",293463,Dusicyon thous,,4508965161936888,Serbia
Red-capped cardinal,312863,Paroaria gularis,"Progesterone,",373162443091845,Jordan
"Possum, golden brush-tailed",377355,Trichosurus vulpecula,ONDANSETRON,5641828295788465,Philippines
Rainbow lory,251657,Trichoglossus haematodus moluccanus,,50204880781660208,Portugal
"Cormorant, flightless",36291,Nannopterum harrisi,,5209852805995554,Egypt
"Tern, arctic",231528,Sterna paradisaea,quetiapine fumarate,,France
"Shelduck, european",97220,Tadorna tadorna,Treatment Set TS128870,3552261142287378,Indonesia
"Dragon, frilled",358887,,"Octinoxate, TITANIUM DIOXIDE, and ZINC OXIDE",201402010915226,
Pale white-eye,53106,Zosterops pallidus,BENZTROPINE MESYLATE,3576914477413215,Ukraine
Ring dove,222384,Columba palumbus,,3587650543099870,Indonesia
Margay,498816,Felis wiedi or Leopardus weidi,Urtica Betula Special Order,4844652690337985,Indonesia
,381787,unavailable,estradiol,3585812653108246,Sweden
Purple moorhen,290576,Porphyrio porphyrio,,30191167692384,Czech Republic
,21432,,"ACONITUM NAPELLUS ROOT, ONION, GELSEMIUM SEMPERVIRENS ROOT, and ZINC GLUCONATE",5020898073372783402,
Land iguana,475215,Conolophus subcristatus,,3528431985552110,China
"Lizard, goanna",1903,Varanus sp.,,3577337280058796,China
Feathertail glider,79949,Acrobates pygmaeus,,3566395352269892,Kazakhstan
"Dolphin, bottle-nose",19526,Tursiops truncatus,,3544305792931602,Portugal
Common dolphin,453574,Delphinus delphis,,,China
"Buffalo, wild water",317951,Bubalus arnee,Omeprazole,3570322012638427,Armenia
"Ass, asiatic wild",324856,Equus hemionus,rOPINIRole,3560806544038520,China
"Deer, black-tailed",123806,Odocoileus hemionus,Ibuprofen,3534229862752940,Brazil
"Cat, miner's",160695,Bassariscus astutus,,560223868342372855,Malaysia
European stork,393647,Ciconia ciconia,Cetraria islandica subsp. islandica,6767547770788664643,Philippines
Four-spotted skimmer,446978,Libellula quadrimaculata,"Octinoxate, Octisalate, Oxybenzone, Avobenzone",4917792268559255,Liechtenstein
Springbok,329097,Antidorcas marsupialis,,3541729781081983,Poland
"Barbet, levaillant's",343394,Trachyphonus vaillantii,,5602240422740194,Indonesia
"Oryx, fringe-eared",50653,,,4913597598704800,
Saddle-billed stork,496758,Ephipplorhynchus senegalensis,acyclovir,3558482179770532,Kuwait
"Ox, musk",14871,Ovibos moschatus,,6389701292792646,Sweden
Emu,10635,Dromaeus novaehollandiae,,3536379700738243,China
Steller sea lion,316608,Eumetopias jubatus,Fluoride,3589613255846373,China
"Waterbuck, common",365757,Kobus defassa,Salicylic Acid,,China
Crowned eagle,398373,Spizaetus coronatus,"Allium cepa, Arsen iod, Euphrasia, Kali bich, Sambucus, Wyethia",5399795286547339,Colombia
Eastern quoll,22109,Dasyurus viverrinus,,4175001135569639,China
Pallas's fish eagle,273654,Haliaeetus leucoryphus,HEPARIN SODIUM,5602230246408923737,Tunisia
"Penguin, fairy",27008,Eudyptula minor,"Diphenhydramine Hydrchloride, Phenylephrine Hydrochloride",3554458418886895,Indonesia
Wattled crane,312540,Bugeranus caruncalatus,,3574989606627994,United States
Trumpeter swan,291001,Cygnus buccinator,Aluminum zirconium tetrachlorohydrex gly,50386171652396753,Poland
Yellow-throated sandgrouse,34190,Pterocles gutturalis,,3557068947700728,Niue
"Dove, ring",354728,Columba palumbus,,3541099336148251,Indonesia
"Fox, grey",307798,Vulpes cinereoargenteus,SELENIUM SULFIDE,3579737452003546,China
Clark's nutcracker,130901,Nucifraga columbiana,Loratadine,3570645024335297,Luxembourg
"Oystercatcher, blackish",370122,Haematopus ater,"CHROMIUM, COPPER, IRON, MANGANESE, IODINE, FLUORINE, MOLYBDENUM, SELENIUM, and ZINC",4936970123097357146,Brazil
Scottish highland cow,356882,Bos taurus,,3565479762306097,Malaysia
Western bearded dragon,154189,Amphibolurus barbatus,Amlodipine Besylate,,Poland
"Squirrel, eurasian red",183204,Sciurus vulgaris,Aspirin,5300253239158174,Poland
Brush-tailed rat kangaroo,124616,Bettongia penicillata,"Acetaminophen, Diphenhydramine HCl",3560523500622714,Vietnam
"Squirrel, antelope ground",314295,Ammospermophilus nelsoni,,374288988964002,China
Lava gull,340216,Larus fuliginosus,TRAZODONE HYDROCHLORIDE,3537449429809036,China
House crow,27522,Corvus brachyrhynchos,,3559985250178267,France
"Gazer, sun",286495,,Doxycycline Hyclate,5602216774510083452,
Blue wildebeest,497602,Connochaetus taurinus,,3581629930420382,Greece
,178958,Carduelis pinus,,3584582529623733,China
"Bear, american black",494421,Ursus americanus,,50382913638606860,Indonesia
"Python, carpet",104747,Morelia spilotes variegata,Alcohol,4405261131499890,Philippines
Pine snake (unidentified),351190,Pituophis melanaleucus,Etodolac,3535297716986559,Indonesia
"Catfish, blue",383608,Ictalurus furcatus,,3587109760410880,Russia
"Ass, asiatic wild",318414,Equus hemionus,Feather Mixture,4435404184037795,Panama
"Jacana, african",342101,Actophilornis africanus,Acetaminophen,561090966521070742,Indonesia
Black rhinoceros,145029,Diceros bicornis,,3532474468305972,China
Blackish oystercatcher,488966,Haematopus ater,Sertraline Hydrochloride,6333057513167168,Ethiopia
Bird (unidentified),438117,unavailable,,5374245969760337,Bulgaria
"Sunbird, lesser double-collared",245089,Nectarinia chalybea,TITANIUM DIOXIDE,491173606069550982,Indonesia
"Fowl, helmeted guinea",459064,Numida meleagris,Helium,3549195708524624,Philippines
Ringtail cat,47842,Bassariscus astutus,"Progesterone,",5602222333824952,Hungary
Lava gull,71922,,Dexamethasone,3534060217117582,
Uinta ground squirrel,39231,Spermophilus armatus,,3584303954444762,Peru
Gila monster,318769,Heloderma horridum,,503835022079400683,Peru
"Crab, red lava",88820,Graspus graspus,diltiazem hydrochloride,4041598930476763,France
Blue shark,48875,Prionace glauca,Flurazepam Hydrochloride,3544183591969630,China
Gila monster,477484,Heloderma horridum,Ibuprofen,5602235127153792,Micronesia
"Trumpeter, dark-winged",67268,Psophia viridis,Calendula officinalis and natrum muriaticum,3563591210338365,Indonesia
Lava gull,3187,Larus fuliginosus,Fluoride Toothpaste,,Indonesia
White-fronted bee-eater,239122,Merops bullockoides,glipizide,3539895319959422,Cameroon
Tiger,217317,Panthera tigris,,5038763913088704909,China
Galapagos hawk,465456,Buteo galapagoensis,Hydrocodone Bitartrate and Acetaminophen,670987213703280400,China
African pied wagtail,428017,Motacilla aguimp,Yellow Onion,3559237873036914,China
"Seal, harbor",145112,Phoca vitulina,,3552738343044799,Thailand
White-throated monitor,45759,Varanus albigularis,Losartan Potassium and Hydrochlorothiazide,,Israel
"Reedbuck, bohor",196046,Redunca redunca,varenicline tartrate,3536109560215606,China
"Turtle, long-necked",439063,Chelodina longicollis,,3579147287244952,Netherlands
"Goose, greylag",160862,Anser anser,OCTINOXATE and TITANIUM DIOXIDE,30547842269080,Cameroon
"Penguin, magellanic",36187,Spheniscus magellanicus,,5602235207981070,Malaysia
Southern right whale,310158,Eubalaena australis,Carboxymethylcellulose Sodium Glycerin,670608025033923262,United States
"Gecko, barking",124649,,,3534183453977772,
Black-tailed prairie dog,412804,Cynomys ludovicianus,Nifedipine,4026967545494868,China
"Plover, three-banded",224501,Charadrius tricollaris,,5610566902232983,Nigeria
"Hornbill, southern ground",184596,Bucorvus leadbeateri,METFORMIN HYDROCHLORIDE,3549304495775585,Albania
Tayra,380083,Eira barbata,,372301841144464,Myanmar
"Possum, common brushtail",133927,Trichosurus vulpecula,,3532499262777837,Spain
Red-billed buffalo weaver,333676,Bubalornis niger,Phendimetrazine Tartrate,5038641670209141654,United States
Puma,30952,,"Absinthium, Aconitum nap., Antimon. tart., Belladonna, Bryonia, Carbolicum acidum, Colchicum, Conium, Ferrum metallicum, Gelsemium, Glonoinum, Hyoscyamus, Ipecac., Iris versicolor, Lycopodium, Nux vom., Petroleum, Phosphorus, Sepia, Symphoricarpus racemosus, Tabacum, Theridion, Zingiber, Echinacea, Hypericum, Passiflora, Valeriana",4936068401633439963,
"Badger, eurasian",64746,Meles meles,"AVOBENZONE, OCTINOXATE",3561251657289173,Greece
Common pheasant,15702,Phasianus colchicus,,5142827638697379,Indonesia
Bushbuck,480530,Tragelaphus scriptus,TRICLOSAN,3544851591231967,Indonesia
Red-billed tropic bird,345221,Phaethon aethereus,,676731005265033896,Indonesia
Southern brown bandicoot,320146,Isoodon obesulus,Oxcarbazepine,,China
Meerkat,260861,Suricata suricatta,,4913145579202962,Brazil
"Bear, black",312934,Ursus americanus,,201832915818762,Indonesia
"Sungazer, yellow-brown",386969,Cordylus giganteus,,633304693255953880,United States
"Coot, red-knobbed",462763,Fulica cristata,,560223513085915722,France
Long-crested hawk eagle,398558,Lophoaetus occipitalis,,3569410020605653,China
"Tern, royal",379658,Thalasseus maximus,Glycerin,4917150574246622,Portugal
"Lemur, brown",169789,Lemur fulvus,,5602242958892142,Sweden
Black-tailed tree creeper,160471,Climacteris melanura,,,Japan
"Squirrel, arctic ground",144106,Spermophilus parryii,Naproxen,5602226015728159,Afghanistan
Nubian bee-eater,452057,Merops nubicus,,5462558181647584,Sweden
"Bear, grizzly",158082,Ursus arctos,Cetylpyridinium Chloride,5007662284959045,Vietnam
Blue wildebeest,60844,Connochaetus taurinus,,4903720166059824051,Philippines
Wolf spider,388585,Lycosa godeffroyi,,201706855965546,Russia
Beisa oryx,75271,Oryx gazella,,30246168140534,Indonesia
Sidewinder,278081,Crotalus cerastes,Hydrocodone Bitartrate And Acetaminophen,5418805130944801,Ukraine
"Deer, barasingha",166574,Cervus duvauceli,"Acetaminophen, Dextromethorphan HBr, Doxylamine Succinate",6334240482285364,Madagascar
Asian red fox,317951,Vulpes vulpes,,3585545638251984,Philippines
Eurasian hoopoe,479933,Upupa epops,ZINC OXIDE,675957525032837971,China
"Crane, black-crowned",415871,Balearica pavonina,"ANTIMONY POTASSIUM TARTRATE, ATROPA BELLADONNA , BLATTA ORIENTALIS, BRYONIA ALBA WHOLE, ANEMONE AMERICANA, STAR ANISE, IPECAC, LOBELIA INFLATA, NAPHTHALENE, SODIUM SULFATE, ASPIDOSPERMA QUEBRACHO-BLANCO BARK, and STACHYS OFFICINALIS",3552974553723406,Poland
Jabiru stork,263471,Ephippiorhynchus mycteria,,67097403671397924,Russia
Silver-backed fox,354190,Vulpes chama,,4302674411317802,Yemen
Large cormorant,405737,Phalacrocorax carbo,TAMSULOSIN HYDROCHLORIDE,560222499654098036,China
"Heron, boat-billed",165963,Cochlearius cochlearius,Tretinoin,3542265841944455,Norway
Pocket gopher (unidentified),426721,unavailable,Isosorbide Mononitrate,6377619510641854,Brazil
African snake (unidentified),169574,unavailable,BENZALKONIUM CHLORIDE,3564935718151813,Norway
"Rhinoceros, white",438151,Ceratotherium simum,,3556537336014835,Sweden
White-faced tree rat,124749,Echimys chrysurus,LIDOCAINE HYDROCHLORIDE ANHYDROUS and EPINEPHRINE,3531767863852287,China
"Gull, lava",293736,Larus fuliginosus,MEROPENEM,5010123699126170,Philippines
"Lizard, blue-tongued",305729,Tiliqua scincoides,Gabapentin,3535250785208819,China
Turtle (unidentified),332492,unavailable,,3541609319257687,Slovenia
Purple grenadier,297669,,,3550423085619072,
"Cardinal, red-capped",233155,Paroaria gularis,Perphenazine and Amitriptyline Hydrochloride,3584197054929916,Sweden
Lava gull,436259,Larus fuliginosus,,4854896215313198,Philippines
"Crane, brolga",441825,Grus rubicundus,Octinoxate and Oxybenzone,4041595126806,Colombia
"Gecko, ring-tailed",9885,Cyrtodactylus louisiadensis,,30150517543721,China
"Weaver, red-billed buffalo",257891,Bubalornis niger,,3545601697929280,Indonesia
"Sloth, two-toed tree",221672,Choloepus hoffmani,,3580725611428800,Germany
"Cobra, cape",420065,Naja nivea,"Acetaminophen, Dextromethorphan HBr, Doxylamine succinate",4041375561933,Indonesia
"Goose, canada",458159,Branta canadensis,Clindamycin Hydrochloride,,Ukraine
Canadian tiger swallowtail butterfly,302516,Papilio canadensis,,4041370870251972,New Zealand
"Marmot, yellow-bellied",167910,Marmota flaviventris,Ampicillin Sodium,4903282210451301035,Croatia
Ferruginous hawk,329066,Buteo regalis,,3540300994046923,United States
Brazilian tapir,429905,,,0604499604812061741,
Egyptian goose,320706,Alopochen aegyptiacus,,201608836434073,China
"Heron, striated",278830,Butorides striatus,,589379013869699619,China
"Bee-eater, carmine",482949,Merops nubicus,ibuprofen,676726925910796257,Azerbaijan
"Tortoise, burmese brown mountain",363782,Manouria emys,,630426954929125720,United States
"Jackal, indian",308143,Canis aureus,Moexipril Hydrochloride,3553191839497809,Moldova
Asian openbill,377384,Anastomus oscitans,,6771494633544563,China
"Puffin, horned",159059,Fratercula corniculata,,633110292766432031,Thailand
"Lizard, collared",499748,Crotaphytus collaris,,5007668576681452,Poland
Bateleur eagle,211674,Terathopius ecaudatus,Alprostadil,6762012664135344297,Iraq
"Squirrel, eurasian red",274655,Sciurus vulgaris,,5010123159573002,Portugal
Cattle egret,472860,Bubulcus ibis,,3529186673165463,United Kingdom
"Bird, bare-faced go away",40524,Lorythaixoides concolor,Acetaminophen,3567268360793725,China
"Buffalo, african",271195,Snycerus caffer,,3589093332922879,Indonesia
Sockeye salmon,328478,Oncorhynchus nerka,Virginia Live Oak,4936845153902613,Cyprus
African lynx,364072,Felis caracal,,201849875343896,Philippines
"Wallaby, dama",421552,Macropus eugenii,Octinoxate and Titanium dioxide,30051916125047,United States
"Magpie, australian",168228,Gymnorhina tibicen,,3583133770256541,Russia
Platypus,4983,Ornithorhynchus anatinus,,3549772922780750,China
Green vine snake,29230,Oxybelis fulgidus,,3572254217161145,Russia
Northern elephant seal,92836,Mirounga angustirostris,"BRYONIA ALBA ROOT, EUPHRASIA STRICTA, CALCIUM SULFIDE, SODIUM CHLORIDE, PHOSPHORUS, ANEMONE PATENS, RUMEX CRISPUS ROOT, and SILICON DIOXIDE",3563192771070776,Indonesia
"Skua, long-tailed",436931,Stercorarius longicausus,,201725601220915,Sudan
Gambel's quail,354236,Callipepla gambelii,,3562093656101184,Ireland
Ovenbird,154809,Seiurus aurocapillus,"Citrus limonum, Echinacea, Scrophularia nodosa, Teucrium Scorodonia, Baptisia tinctoria, Lobelia inflata, Phytolacca decandra, Pinus sylvestris, Zincum gluconicum, Thuja occidentalis, Capsicum annuum,",,Argentina
"Waterbuck, defassa",282349,Kobus defassa,Acetaminophen,560224875728370816,Poland
,418225,unavailable,Salicylic Acid,30521042811884,China
,161101,Cochlearius cochlearius,,3581520504324425,China
,230644,Mirounga leonina,glycopyrrolate,3574533340753607,Philippines
Kalahari scrub robin,487674,Certotrichas paena,,,Egypt
"Puffin, horned",295382,Fratercula corniculata,,490564286239422963,Nicaragua
"Rattlesnake, eastern diamondback",192063,Crotalus adamanteus,Sumatriptan Succinate,5038309223804311,Brazil
"Wallaby, dama",402710,Macropus eugenii,,3581839595193162,Japan
"Jackal, indian",137549,,,3533779865477805,
Burchell's gonolek,385931,Laniaurius atrococcineus,ALCOHOL,3588692544847625,Argentina
Barasingha deer,134809,Cervus duvauceli,mefloquine hydrochloride,3541199700935216,Brazil
Clark's nutcracker,65110,Nucifraga columbiana,,3567227432849162,Indonesia
"Grouse, greater sage",15013,Centrocercus urophasianus,Nifedipine,5100172742912681,France
Grey-footed squirrel,297036,Paraxerus cepapi,Galantamine,5002357142343889,China
Sportive lemur,475279,,,3548115480024966,
"Mongoose, javan gold-spotted",45583,Herpestes javanicus,,0604416872497373,Central African Republic
"Lemur, brown",440043,Lemur fulvus,Lorazepam,3583163183049316,Mongolia
Black-tailed deer,69922,Odocoileus hemionus,Promethazine Hydrochloride,30185746969602,Pakistan
"Buffalo, asian water",498820,Bubalus arnee,Diltiazem Hydrochloride,,Indonesia
Red-headed woodpecker,244728,Melanerpes erythrocephalus,Metronidazole,5610103606620260696,China
Dusky rattlesnake,32675,Crotalus triseriatus,,,Argentina
Fork-tailed drongo,419465,,,30050908382525,
"Baboon, savanna",496337,Papio cynocephalus,Salicylic Acid,5602258311804772,Indonesia
"Gazelle, thomson's",284633,Gazella thompsonii,"Avobenzone, Homosalate, Octisalate, Octocrylene and Oxybenzone",5445698260871275,China
Crested porcupine,37527,Hystrix cristata,,374283474316585,Colombia
Malleefowl,371797,Leipoa ocellata,"Homosalate, Octinoxate, Zinc Oxide, and Octocrylene",5002350957824515,Philippines
"Wambenger, red-tailed",299173,,,5602248721363998,
"Oryx, beisa",72478,Oryx gazella,Eucalyptol,3581615556810261,China
Common melba finch,244322,Pytilia melba,Lidocane,63042201606422683,Belarus
"Reedbuck, bohor",277287,Redunca redunca,"OCTINOXATE, ZINC OXIDE",3553252315962144,United States
Common turkey,28580,Meleagris gallopavo,,3542755642300295,Portugal
Giant otter,243562,Pteronura brasiliensis,Diltiazem Hydrochloride,3553146309031785,China
Common raccoon,309652,Procyon lotor,calcipotriene and betamethasone dipropionate,670674949244295781,Russia
Small-clawed otter,113283,Aonyx cinerea,Lamotrigine,30058335645679,Russia
"Squirrel, grey-footed",38517,Paraxerus cepapi,,06042494251460053,China
Pampa gray fox,312253,Pseudalopex gymnocercus,ibuprofen,5100170526831366,Brazil
"Bear, american black",303394,Ursus americanus,HYDROCODONE BITARTRATE AND ACETAMINOPHEN,30323425178902,Jordan
,457054,Bassariscus astutus,Tadalafil,,Brazil
"Fox, savanna",194486,Dusicyon thous,Metoclopramide hydrochloride,337941710962571,Philippines
"Cobra, cape",318075,Naja nivea,,3580232020836780,China
Laughing dove,103534,Streptopelia senegalensis,,4041370567372701,Armenia
"Cat, toddy",41844,Paradoxurus hermaphroditus,MENTHOL,5100141234722510,Ukraine
"Turkey, wild",182009,Meleagris gallopavo,MORPHINE SULFATE,4917393203403657,Mexico
Swamp deer,235257,Cervus duvauceli,,201602010057487,Afghanistan
"Porcupine, prehensile-tailed",120068,Coendou prehensilis,Desogestrel and Ethinyl Estradiol,4844094351352047,United States
Clark's nutcracker,9865,,venlafaxine hydrochloride,5048377284525263,
"Trumpeter, green-winged",341186,Psophia viridis,TITANIUM DIOXIDE,6771215451134504,Japan
"Crane, sarus",211466,Grus antigone,,5411700967156859,Nicaragua
"Possum, pygmy",498946,Acrobates pygmaeus,coagulation factor IX human,5108757821510653,United Kingdom
White rhinoceros,176810,Ceratotherium simum,OTC ANTIMICROBIAL DRUG PRODUCT,6373497802815310,China
Arctic fox,316335,Alopex lagopus,Benzocaine,201500747593578,Syria
Red lava crab,309652,Graspus graspus,Gabapentin,30067266092181,Saudi Arabia
"Bustard, denham's",7234,Neotis denhami,Acetaminophen,5208226523958205,Russia
,498455,,Folic Acid,3552719241173351,
Scarlet macaw,159431,Ara macao,EPIDERMAL GROWTH FACTOR,3576483298328176,Ukraine
Pied kingfisher,151554,Ceryle rudis,,4041599505431787,Poland
Mocking cliffchat,222016,Thamnolaea cinnmomeiventris,,,Sierra Leone
"Moorhen, purple",337068,,,6762018261211970,
"Cardinal, red-capped",43297,Paroaria gularis,FAMOTIDINE,5602225416921611,Mexico
,31271,Gyps fulvus,"Avobenzone,Octocrylene,Oxybenzone,Homosalate,Octisalate",,China
"Boa, mexican",319222,,Melaleuca Pollen,3572483958797037,
Rock dove,11420,,ALUMINUM CHLOROHYDRATE,67626989352250812,
Miner's cat,117718,Bassariscus astutus,,3528897079362246,Panama
Python (unidentified),361066,unavailable,,5010127769639087,China
"Tortoise, burmese black mountain",93477,Manouria emys,Acetaminophen,6331108744237920522,Mongolia
"Crab, sally lightfoot",321027,Graspus graspus,Nifedipine,3572673917020014,Colombia
"Colobus, black and white",405568,Colobus guerza,Metformin Hydrochloride,3560797020590870,Philippines
"Butterfly, canadian tiger swallowtail",19383,,cetirizine hydrochloride,3584395361483284,
"Gonolek, burchell's",180790,Laniaurius atrococcineus,,3559867190018748,Russia
"Jackal, indian",289194,Canis aureus,,,Peru
"Baboon, olive",335313,Papio cynocephalus,Acetaminophen,3582260049724875,China
Roe deer,336757,Capreolus capreolus,,4917036188851016,Indonesia
African darter,342110,Anhinga rufa,,3562172234709906,Portugal
"Peccary, white-lipped",31292,Tayassu pecari,,6333870331541722828,Tanzania
Cheetah,341973,Acinynox jubatus,,30163000904458,Poland
Black-backed magpie,149085,Gymnorhina tibicen,DOCUSATE SODIUM,4405226589282353,Israel
Cook's tree boa,18912,Corallus hortulanus cooki,,5610344935838527,Poland
Long-necked turtle,373400,Chelodina longicollis,,6759966344541729,Lithuania
American marten,127793,Martes americana,DIOSCOREA VILLOSA ROOT,5405785357041041,Indonesia
"Capuchin, brown",439303,Cebus apella,,5641829386268285267,China
"Dog, bush",306031,Speothos vanaticus,estradiol,5300293113601840,Philippines
"Turtle, long-necked",196206,Chelodina longicollis,,,Russia
"Ibis, puna",259618,Plegadis ridgwayi,MORPHINE SUFATE,6771942833528701431,Mexico
"Mongoose, javan gold-spotted",259549,Herpestes javanicus,Fluoride and Potassium Nitrate,5048379040837321,China
Radiated tortoise,358628,Geochelone radiata,"Aconite 30c, Aesculus 30c, Belladonna 30c, Bovista 30c, Hepar Sulph 30c, Hyoscyamus 30c, Ignatia 30c, Silicea 30c, Sticta 30c",5602232947296588,Malta
Red-breasted cockatoo,301935,Eolophus roseicapillus,,,Malta
,433710,Castor canadensis,,63043301338996258,United Kingdom
Black-capped capuchin,66477,Cebus apella,Phentermine Resin,371638735987206,China
"Mongoose, eastern dwarf",268202,Helogale undulata,ulmus pumila pollen,6771929607091034,Finland
Least chipmunk,239713,Eutamias minimus,,3534101583706374,Mexico
Ibex,57174,Capra ibex,,5602221973564159,Vietnam
"Boar, wild",444923,Sus scrofa,MORPHINE SULFATE,6761206226311750,Thailand
Old world fruit bat (unidentified),108297,,Sodium Fluoride,5602227522811298,
Crested barbet,495533,Trachyphonus vaillantii,,5602231341489229,Russia
"Otter, oriental short-clawed",174991,Aonyx cinerea,,5020908986888425267,Russia
"Loris, slender",379932,Loris tardigratus,furosemide,3545786379347602,Bolivia
"Turaco, violet-crested",446591,Tauraco porphyrelophus,,633451774812142927,Russia
"Pelican, brown",47673,,Arizona Ash,67612859340763232,
"Rhea, greater",326703,Rhea americana,Lovastatin,3563571575591030,China
Purple moorhen,385081,Porphyrio porphyrio,Clonazepam,3548644840301475,Poland
"Dove, white-winged",212714,Zenaida asiatica,Loblolly Pine,30143339718316,Somalia
"Heron, striated",346338,Butorides striatus,BUPIVACAINE HYDROCHLORIDE,30288872549659,Kazakhstan
Common wolf,137829,Canis lupus,,36607654508761,Ukraine
Laughing kookaburra,346172,Dacelo novaeguineae,ALPRAZOLAM,5100175924678418,China
European wild cat,449733,Felis silvestris lybica,Chloroxylenol,3565063413346395,Benin
"Rhea, common",402377,Rhea americana,OCTINOXATE and TITANIUM DIOXIDE,3581423783374122,Botswana
Eastern dwarf mongoose,85920,Helogale undulata,,3542525696783559,Argentina
Weeper capuchin,357181,Cebus nigrivittatus,"ASPIRIN, IBUPROFEN, ACETAMINOPHEN, ALCOHOL, BENZALKONIUM CHLORIDE, BACITRACIN ZINC, NEOMYCIN SULFATE, POLYMYXIN B SULFATE, BENZALKONIUM CHLORIDE, LIDOCAINE, BENZOCAINE, ALCOHOL",5602240225001000,Philippines
"Ringtail, common",265400,Pseudocheirus peregrinus,CAPTORPIL,630416840203103446,Thailand
Indian porcupine,96682,Hystrix indica,,4903021040905842,Saudi Arabia
"Pie, rufous tree",438801,Dendrocitta vagabunda,clonazepam,5602240725196151,Mexico
"Owl, burrowing",102306,Speotyte cuniculata,Nicotine Polacrilex,3561475462309211,Canada
Little cormorant,447303,Phalacrocorax niger,BENZALKONIUM CHLORIDE,6759039779284163,Syria
"Kudu, greater",121610,Tragelaphus strepsiceros,clorazepate dipotassium,676358756202714434,Croatia
"Crane, blue",264284,Anthropoides paradisea,Trihexyphenidyl Hydrochloride,374622829148260,Canada
Black-tailed tree creeper,78047,Climacteris melanura,FUSARIUM VASINFECTUM,676267646022958966,United States
Sandhill crane,60030,Grus canadensis,,4936087844631794,China
"Penguin, little blue",112199,Eudyptula minor,Haloperidol Decanoate,5602251759189962,China
"Wombat, common",36266,Vombatus ursinus,,,China
"Waxbill, blue",459267,Uraeginthus angolensis,,3539875072980294,China
Green-backed heron,405788,Butorides striatus,,3535245654551208,Canada
King cormorant,367463,Phalacrocorax albiventer,"ACETAMINOPHEN, CHLORPHENIRAMINE MALEATE, DEXTROMETHORPHAN HYDROBROMIDE, and PHENYLEPHRINE HYDROCHLORIDE",3541966833202528,Mexico
Common boubou shrike,470807,Laniarius ferrugineus,Dyclonine Hydrochloride and Glycerin,3528214071773471,Indonesia
"Possum, common brushtail",463441,Trichosurus vulpecula,,67632649317036118,Ivory Coast
"Pheasant, ring-necked",10979,Phasianus colchicus,,6331107662400083814,Sweden
"Bustard, stanley",181525,Neotis denhami,HEPARIN SODIUM,5602244112162252420,Namibia
White-necked raven,10469,Corvus albicollis,,372301539005837,France
"Owl, madagascar hawk",351670,Ninox superciliaris,,5602225450001080,Uzbekistan
Indian star tortoise,117727,Geochelone elegans,meclizine hydrochloride,,Russia
Long-billed cockatoo,94516,Cacatua tenuirostris,,5439613991077199,Croatia
"Possum, western pygmy",466622,Cercatetus concinnus,,0604987796061230,United States
Huron,441739,Galictis vittata,,633359953677779816,Netherlands
"Stork, greater adjutant",381120,Leptoptilus dubius,,3583372642342135,Yemen
Greater adjutant stork,283361,Leptoptilus dubius,,3580817666265003,Russia
"Rhinoceros, white",44731,Ceratotherium simum,,3582808815368283,France
Slender loris,332428,Loris tardigratus,LIDOCAINE HYDROCHLORIDE ANHYDROUS,3536779921593238,China
Bleeding heart monkey,311044,Theropithecus gelada,Mitoxantrone Hydrochloride,3560204081614798,Brazil
"Marmot, yellow-bellied",57772,Marmota flaviventris,,3532083604551462,Chile
"Stork, painted",442581,Mycteria leucocephala,,3557772956615608,Thailand
Violet-crested turaco,336609,Tauraco porphyrelophus,Desoximetasone,201896638628352,Indonesia
Lapwing (unidentified),128957,Vanellus sp.,Benzocaine,3560084672969268,China
"Dunnart, fat-tailed",223146,Smithopsis crassicaudata,DIMETHICONE,374283497947275,Indonesia
Hummingbird (unidentified),237467,unavailable,,67714079019025212,France
Mountain goat,313340,Oreamnos americanus,,,Albania
Arctic tern,321355,Sterna paradisaea,"Drosera 30C, Spongia 30C, Kali Carbonicum 30C, Phospherous 30C, Ipeacacuhuana 30C, Pulsatilla 30C, Belladonna 30C",201864835481546,China
"Salmon, sockeye",430991,Oncorhynchus nerka,,5271919287852539,Russia
American alligator,67655,Alligator mississippiensis,,6376415029260406,Thailand
Yellow mongoose,247094,Cynictis penicillata,"Apis mel., Berber. vulg., Bryonia, Cantharis, Cinchona, Equisetum hyemale, Ferrum phosphoricum, Gelsemium, Juniperus com., Pareira, Phosphorus, Plantago, Pulsatilla, Sabal, Terebinthina, Uva-ursi, Echinacea, Hydrastis, Lappa, Solidago",3569212124578392,China
Koala,101637,Phascolarctos cinereus,"Influenzinum, Tellurium metallicum, Apis mel., Arsenicum alb., Belladonna, Bryonia, Capsicum, austicum, Cinchona, Conium,Dulcamara, Ferrum phosphoricum, Hepar sulph. calc.,Kali sulph., ycopodium, Merc. viv., Mezereum,Phosphorus, Plantago, Pulsatilla, Silicea,Verbascum, Echinacea, Hydrastis",3528663176333849,Brazil
Turkey vulture,299553,Cathartes aura,nicardipine hydrochloride,560225881882283620,Norway
"Cat, african wild",51902,Felis silvestris lybica,,3569452586942864,Egypt
Giant otter,133378,Pteronura brasiliensis,,,Angola
,211267,Eremophila alpestris,Octinoxate and Titanium Dioxide,5100146741267172,Malaysia
Great white pelican,310429,Pelecans onocratalus,,4771939163400,Saudi Arabia
"Marmot, hoary",321597,Marmota caligata,,,Indonesia
"Bird, bare-faced go away",166728,Lorythaixoides concolor,,5602214211572193525,Sweden
Swallow-tail gull,161597,Creagrus furcatus,,5602213539884692,Indonesia
Golden eagle,197600,Aquila chrysaetos,,3528146423215522,Argentina
"Wallaby, river",238978,Macropus agilis,SALICYLIC ACID,5893176093583705849,China
"Snake, green vine",370793,Oxybelis fulgidus,Ear,3561698409118458,Czech Republic
,216331,Connochaetus taurinus,,3586310635352346,Czech Republic
Yellow-brown sungazer,65806,Cordylus giganteus,,3555194809752953,Poland
"Gorilla, western lowland",223989,Gorilla gorilla,"Eucalyptol , Menthol, Methyl Salicylate ,Thymol",3573569397816963,Portugal
"Crane, black-crowned",476867,Balearica pavonina,pravastatin sodium,3532815026230054,Indonesia
"Tern, royal",219056,Thalasseus maximus,,,Philippines
Turkey vulture,380928,Cathartes aura,,560224021544691826,Mali
Squirrel glider,475287,Petaurus norfolcensis,"Acetaminophen, Chlorpheniramine maleate, Phenylephrine HCl",3536232795380423,China
Manatee,289654,Trichechus inunguis,Acetaminophen,677192130688650603,China
"Cat, european wild",13053,Felis silvestris lybica,,3585215870754984,Albania
Guerza,399997,Colobus guerza,Lamotrigine,3583261324897773,Gambia
Swallow-tail gull,40161,Creagrus furcatus,,,Portugal
Richardson's ground squirrel,358188,Spermophilus richardsonii,Morphine Sulfate,3553854852992754,Morocco
,100397,Tadorna tadorna,,5010124286101105,China
"Armadillo, nine-banded",346392,,"Arnica Montana, Hamamelis Virginiana, Rhus Toxicodendron",6333382962337041,
Agama lizard (unidentified),83786,Agama sp.,Simethicone,3532005586492753,Brazil
"Peacock, blue",464084,Pavo cristatus,atorvastatin calcium,3584899752329402,China
"Legaan, ground",6346,Varanus sp.,,3571928127276934,Canada
Egyptian cobra,70977,Naja haje,MIDAZOLAM HYDROCHLORIDE,5100133452395293,Philippines
"Crab, sally lightfoot",230938,Graspus graspus,,3546116129736624,France
Horned rattlesnake,261257,Crotalus cerastes,Cloves,5602250970327260,Japan
White-tailed jackrabbit,69760,Lepus townsendii,Armodafinil,3532636764111094,China
Blackbuck,212682,,Clonidine Hydrochloride,3584927508309442,
Short-nosed bandicoot,150836,Isoodon obesulus,Titanium Dioxide and Zinc Oxide,3563967581987040,Indonesia
"Duck, white-faced whistling",115516,Dendrocygna viduata,,491144595913747736,Colombia
"Booby, masked",231902,Sula dactylatra,,5501209349531061,Indonesia
"Hyena, striped",282601,,"polyethylene glycol, propylene glycol",3572575339444096,
American Virginia opossum,174703,Didelphis virginiana,Benztropine Mesylate,36531103535037,South Sudan
American woodcock,322446,Scolopax minor,Pinchot Juniper,371224214445865,Philippines
"Crow, house",68483,Corvus brachyrhynchos,Diclofenac Sodium,3587227945940330,China
"Otter, brazilian",493509,Pteronura brasiliensis,West Wheat Grass,4936472851817181,Russia
Radiated tortoise,80605,Geochelone radiata,,4020639323751,Brazil
"Flamingo, greater",108494,Phoenicopterus ruber,acyclovir,3543045835956270,Poland
,375690,Climacteris melanura,,4913136635284185,Morocco
"Bird, secretary",49660,Sagittarius serpentarius,,3575938325118792,Yemen
Openbill stork,106136,Anastomus oscitans,propafenone hydrochloride,4175004910285942,China
"Cormorant, large",82583,Phalacrocorax carbo,ALCOHOL,3542817079158453,Mexico
Great cormorant,118420,Phalacrocorax carbo,,4017959613274,Indonesia
Bonnet macaque,48809,Macaca radiata,"Mineral oil, petrolatum, phenylephrine hcl",,Ivory Coast
Lapwing (unidentified),187415,Vanellus sp.,Cartilago Betula,3542576700594037,China
Swallow-tail gull,190824,Creagrus furcatus,,,Sweden
"Lizard, giant girdled",148279,Cordylus giganteus,Polyvinyl Alcohol and Povidone,3569046320882269,Bolivia
Pacific gull,178838,Gabianus pacificus,GLYCERIN,5641820800140761,Russia
Kinkajou,76297,Potos flavus,,30489950170067,Indonesia
"Dragon, ornate rock",414858,,Penicillin V Potassium,3553536873927931,
,212377,Colobus guerza,,3536739989613187,Philippines
Indian leopard,114654,Panthera pardus,,3556663909235555,Indonesia
"Toucan, red-billed",53264,Ramphastos tucanus,Chlorpheniramine Maleate,3564053845088245,Paraguay
Indian jackal,45232,Canis aureus,White Petrolatum,4017951097410044,France
"Sloth, two-toed tree",169779,Choloepus hoffmani,Midazolam hydrochloride,4844908933248946,Reunion
,171354,Grus canadensis,,3556627814345361,France
White-faced whistling duck,189471,,,3557587229779480,
Brown capuchin,276415,Cebus apella,,6709470408639832431,Indonesia
Red-necked wallaby,465790,Macropus rufogriseus,MORPHINE SULFATE,63049730151368571,Philippines
"Sheep, stone",40475,Ovis dalli stonei,,5602240381997777,Russia
"Stork, woolly-necked",136211,Ciconia episcopus,hydrochlorothiazide,5100172720725881,Iran
Two-toed tree sloth,286005,Choloepus hoffmani,Isosorbide Dinitrate,5535935756198842,Mexico
"Duck, mountain",254479,Hymenolaimus malacorhynchus,triclosan,3547986148638194,Uruguay
"Falcon, prairie",63543,Falco mexicanus,verapamil hydrochloride,3539587687088377,Portugal
"Buffalo, african",151715,Snycerus caffer,SIMVASTATIN,630417077578283029,Morocco
,179628,Papio cynocephalus,Diphenhydramine HCl,5143317517908674,Russia
Little brown dove,172526,Streptopelia senegalensis,amlodipine besylate and atorvastatin calcium,30485274787875,Portugal
Cape clawless otter,483820,Aonyx capensis,,,Philippines
"Fox, grey",435638,Vulpes cinereoargenteus,Tetanus and Diphtheria Toxoids Adsorbed,5007666810623637,Sierra Leone
"Beaver, european",323802,,"Octinoxate, Zinc Oxide, Titanium Dioxide",3530699089998191,
"Dog, black-tailed prairie",270644,Cynomys ludovicianus,"Avobenzone, Octinoxate, Octisalate, and Oxybenzone",3584569515279299,Sweden
Red deer,488527,Cervus elaphus,"Larch,",4017952195320648,Bosnia and Herzegovina
Defassa waterbuck,458068,Kobus defassa,,3558681574165392,China
Bennett's wallaby,215455,Macropus rufogriseus,,6334954784793962,China
Ferruginous hawk,178702,,Zolmitriptan,5460391448698261,
Madagascar fruit bat,112414,Pteropus rufus,,3557592815476244,South Korea
"Kudu, greater",3804,Tragelaphus strepsiceros,Doxycycline Hyclate,201409677901191,France
Galapagos penguin,446869,Spheniscus mendiculus,Titanium Dioxide,5542321403797461,Panama
"Dove, little brown",52953,Streptopelia senegalensis,Carbidopa and Levodopa,6398030547896096,Indonesia
"Gecko, tokay",379259,Gekko gecko,"Loratadine, Pseudoephedrine",3531077479405862,Japan
"Buffalo, american",370701,Bison bison,cyclopentolate hydrochloride,493628218663326004,Hungary
Turkey vulture,284633,Cathartes aura,,4017958665599827,Armenia
Thomson's gazelle,155502,Gazella thompsonii,,3558837006227131,South Africa
Gecko (unidentified),103496,unavailable,,3550366806599844,Argentina
"Lorikeet, scaly-breasted",150294,Trichoglossus chlorolepidotus,Amiodarone Hydrochloride,3569160682501852,Armenia
"Stork, marabou",448151,Leptoptilos crumeniferus,,3529184588337863,Argentina
Arctic fox,191887,Alopex lagopus,,3535017922859790,Mexico
"Squirrel, uinta ground",460052,Spermophilus armatus,,6767421867948604,Portugal
"Fox, savanna",81886,Dusicyon thous,,4903884230434497,Indonesia
Malachite kingfisher,100420,Corythornis cristata,,5285079932154015,China
Common mynah,389110,Acridotheres tristis,adenosine,3573086067724583,China
Bat-eared fox,351683,Otocyon megalotis,Isopropyl Alcohol,3544284408552211,China
Crowned hawk-eagle,184123,Spizaetus coronatus,estradiol valerate,3538144605689455,Portugal
Egyptian goose,61273,Alopochen aegyptiacus,,337941543812050,China
"Lemur, grey mouse",489869,Microcebus murinus,"Dextromethorphan HBr, Guaifenesin, Phenylephrine HCl",,Indonesia
"Deer, white-tailed",233990,Odocoilenaus virginianus,,3556157836899625,China
Jaguar,153935,Panthera onca,,56107809597194461,Jordan
Mountain duck,258200,Hymenolaimus malacorhynchus,LIDOCAINE,06048537661469967,Portugal
Grey lourie,278771,Lorythaixoides concolor,"Ibuprofen, Pseudoephedrine Hydrochloride",5602240179027878,China
Mexican beaded lizard,25724,Heloderma horridum,BUSPIRONE HYDROCHLORIDE,3542863128328945,Thailand
Indian star tortoise,367996,Geochelone elegans,"Acetaminophen, Dextromethorphan HBr",5610451376152001,Thailand
Arctic tern,354580,Sterna paradisaea,,3581514287743794,China
Groundhog,469,Marmota monax,Oxygen,4913318984162580,Myanmar
"Rattlesnake, horned",184703,Crotalus cerastes,Levothyroxine Sodium,3562546510288026,Sweden
"Monkey, rhesus",149632,Macaca mulatta,Fexofenadine hydrochloride,5007663186451859,China
"Baboon, yellow",340077,Papio cynocephalus,,5007662044360211,Indonesia
Pied butcher bird,427328,Cracticus nigroagularis,Omeprazole,3585222061464035,Guadeloupe
,21555,unavailable,,3548994292924765,Croatia
"Lemur, lesser mouse",422417,Microcebus murinus,Ciprofloxacin,3545978702040455,Argentina
Western grey kangaroo,28251,Macropus fuliginosus,,4917438205970466,Namibia
Meerkat,199068,Suricata suricatta,,3529322617227842,Philippines
Royal tern,484387,,POTASSIUM CHLORIDE,5602237740495972,
Gaur,253575,Bos frontalis,,3548464159555250,Kazakhstan
"Squirrel, nelson ground",89140,Ammospermophilus nelsoni,,3535865570045629,China
"Barbet, black-collared",462061,Lybius torquatus,insulin glargine,,China
Bent-toed gecko,47351,Cyrtodactylus louisiadensis,probenecid,3588390725932023,Indonesia
Hanuman langur,114346,Semnopithecus entellus,,3572361361211400,Sweden
Pale-throated three-toed sloth,216426,Bradypus tridactylus,HAND SANITIZER,6771544687481771,China
"Gazer, sun",378633,Cordylus giganteus,Sucralfate,30554639632363,Guatemala
Swallow (unidentified),311756,unavailable,Ethyl Alcohol,3531135449415823,Serbia
Four-horned antelope,402228,Tetracerus quadricornis,,5602227163912464360,Guatemala
"Dragon, netted rock",273238,,,5100144098875200,
"Snake, green vine",42616,Oxybelis fulgidus,Potassium Chloride,6767351419789000,Portugal
Rainbow lory,382730,Trichoglossus haematodus moluccanus,,5497018056916266,Slovenia
"Cardinal, black-throated",175785,,NOT APPLICABLE,3563023568953447,
Worm snake (unidentified),308643,Carphophis sp.,Acetaminophen,3537406021034264,China
Eurasian beaver,231781,Castor fiber,,201637329387167,China
"Otter, african clawless",322518,Aonyx capensis,,3530036078701734,Venezuela
Bottle-nose dolphin,83972,Tursiops truncatus,,3543025651111796,Philippines
"Armadillo, giant",455528,Priodontes maximus,MORPHINE SUFATE,30035870754058,Indonesia
"Antelope, four-horned",379624,Tetracerus quadricornis,,374283361461767,Serbia
"Deer, spotted",425034,Axis axis,Ibuprofen,501865270022729958,China
,377629,Naja sp.,,67637939765571699,Argentina
Long-tailed jaeger,54427,,,5048370720654029,
,80062,,Ranitidine Hydrochloride,3581938103632974,
"Armadillo, nine-banded",347172,,,67062194198197043,
"Goose, knob-nosed",346754,Sarkidornis melanotos,,3542945647249031,China
"Vulture, turkey",244806,Cathartes aura,TRICLOSAN,337941201956264,Philippines
"Ferret, black-footed",327401,Mustela nigripes,DEXTROMETHORPHAN HYDROBROMIDE,3570946868076348,China
Sun gazer,460382,Cordylus giganteus,,3550139275771800,Venezuela
"Bulbul, african red-eyed",359460,Pycnonotus nigricans,BUPIVACAINE HYDROCHLORIDE,5602232888448925,Palestinian Territory
"Wallaby, tammar",167038,Macropus eugenii,"Fucus vesiculosus, Cyanocobalamin, Glandula suprarenalis suis, Hepar suis, L-carnitine, L-ornithine, Antimonium crudum, Thyroidinum suis,",201574928582015,Iran
Burmese brown mountain tortoise,152269,Manouria emys,,5122095141285900,Indonesia
Red-necked wallaby,300493,,,3542881043476714,
"Nighthawk, common",171255,Chordeiles minor,"Arnica Montana, Carduus Marianus, Hepar Suis, Korean Ginseng, Phosphoricum Acidum, Pituitaria Glandula Suis,",4041373362862,Philippines
"Alligator, american",218950,Alligator mississippiensis,,5007662252665459,Poland
"Vulture, king",73349,Sarcorhamphus papa,Tolnaftate,67096697554993987,Brazil
Common raccoon,140057,Procyon lotor,,3574855523766076,Czech Republic
Indian red admiral,175171,Vanessa indica,,374283073446353,Poland
,124345,Canis lupus baileyi,,5567540564593662,Brazil
Cheetah,142475,Acinynox jubatus,"AMYL NITRITE, SANGUINARIA CANADENSIS ROOT, and LACHESIS MUTA VENOM",3531679755046268,Bangladesh
White-throated robin,325793,Irania gutteralis,,3575395691739604,China
Squirrel glider,221421,Petaurus norfolcensis,Omeprazole and Sodium Bicarbonate,3579261589672495,Brazil
"Puma, south american",150696,Felis concolor,Amoxicillin,3580518207142582,Brazil
Common mynah,288474,Acridotheres tristis,Glycerin,4844986647015728,France
Kalahari scrub robin,285460,,,633467071107994449,
Musk ox,427528,Ovibos moschatus,,5020365193779954770,Brazil
,375251,Pteronura brasiliensis,Duloxetine Hydrochloride,3547892361941796,Malawi
Brolga crane,68135,Grus rubicundus,,06047322121665038,South Africa
"Goose, knob-nosed",499564,,Pramipexole Dihydrochloride,,
Prehensile-tailed porcupine,219688,Coendou prehensilis,,4844795562112018,United States
Black bear,33533,Ursus americanus,ENALAPRIL MALEATE,30466479684448,Syria
Richardson's ground squirrel,69304,Spermophilus richardsonii,,,Russia
Reindeer,238007,Rangifer tarandus,"Acetaminophen, Diphenhydramine HCl",3573071242302562,Yemen
Manatee,238628,Trichechus inunguis,,5602237965999385,Costa Rica
Long-finned pilot whale,91068,Globicephala melas,,3581025557080445,China
,338345,,Fluoxetine Hydrochloride,6331109857591206210,
"Admiral, indian red",170888,Vanessa indica,Formica Arnica,4750253007575,Russia
Black-faced kangaroo,289629,Macropus fuliginosus,,3569668603811960,China
"Bee-eater, carmine",307740,Merops nubicus,itraconazole,5048376839509160,Albania
Glossy starling (unidentified),255841,Lamprotornis sp.,Ondansetron Hydrochloride,3582148711192424,China
"Kingfisher, malachite",205941,,Sodium Sulfacetamide and Sulfur,4010820863947,
"Antechinus, brown",485683,,,3530221624194689,
"Brocket, red",68337,,,3560049690945301,
"Lemur, sportive",447137,Lepilemur rufescens,,5020889671147636010,Brazil
Rainbow lory,216276,,,3575848165149684,
Cuis,219839,Microcavia australis,,3578723917873278,Palestinian Territory
"Whale, baleen",121470,Eubalaena australis,,4175003978184807,Japan
Crimson-breasted shrike,143962,Laniaurius atrococcineus,Titanium Dioxide,5018077911240569,Russia
Great horned owl,60476,,,6371045489637846,
"Lion, california sea",258022,Zalophus californicus,Citalopram,6331102667156054,Indonesia
Stanley crane,84343,Anthropoides paradisea,Triclosan,201768724766448,Canada
Groundhog,129754,,"Aquilegia vulgaris, Avena sativa, Chamomilla, Coffea cruda, Cypripedium pubescens, Humulus lupulus, Hypericum perforatum, Kali phosphoricum,",5010126713601813,
Brown capuchin,15994,,"Octinoxate, Avobenzone and Octisalate",3531127573703538,
Komodo dragon,149474,Varanus komodensis,,374288712767432,Egypt
"Gazer, sun",104270,,MENTHOL,6304163104794646250,
King vulture,282536,Sarcorhamphus papa,,3541866363177423,Indonesia
"Duiker, common",419887,Sylvicapra grimma,"SODIUM PHOSPHATE, MONOBASIC, MONOHYDRATE, AND SODIUM PHOSPHATE, DIBASIC ANHYDROUS",3585266755275777,Indonesia
"Sloth, two-toed tree",384988,Choloepus hoffmani,acetaminophen and codeine phosphate,3534665617483143,Philippines
"Gecko, tokay",488566,,Selenium Sulfide,5610382992244338,
"Hare, arctic",9596,Lepus arcticus,vitamin a palmitate and ascorbic acid and cholecalciferol and ferrous sulfate and sodium fluoride solution,3534725622045699,Czech Republic
"Magpie, black-backed",258843,Gymnorhina tibicen,Valproic Acid,3562354345914423,Poland
"Sloth, pale-throated three-toed",123854,Bradypus tridactylus,,3579286853706216,Philippines
Yellow-billed stork,176443,Mycteria ibis,White Petrolatum,6759809683786501867,Costa Rica
"Snake, buttermilk",289880,Coluber constrictor,Clopidogrel,3546571679127733,Ukraine
Malabar squirrel,98276,Ratufa indica,,5602249262416745169,Russia
Little grebe,89448,Tachybaptus ruficollis,,372301969552464,Philippines
Leopard,48166,Panthera pardus,,56022381574982682,Japan
Platypus,69018,Ornithorhynchus anatinus,HYDROXYZINE HYDROCHLORIDE,3540238491083520,China
"Bat, madagascar fruit",300916,Pteropus rufus,Ammonia Inhalants,3583395776099676,China
Black-winged stilt,473439,Himantopus himantopus,,5100178135568873,China
"Fox, north american red",187004,Vulpes vulpes,Ibuprofen,3570242798371508,Estonia
,304701,Capreolus capreolus,pyrithione zinc,5048375979666046,France
"Raven, cape",118839,Corvus albicollis,ethanol,3533173993921936,Indonesia
"Raccoon, crab-eating",97388,Procyon cancrivorus,,3577133120390105,United States
"Hornbill, yellow-billed",466436,Tockus flavirostris,"Avobenzone, Octisalate and Octocrylene",4917909731432668,Russia
Red-billed toucan,358449,Ramphastos tucanus,Carvedilol,3581054226294104,Poland
Water legaan,342657,Varanus salvator,Titanium Dioxide and Zinc Oxide,560225827230967208,Philippines
"Lorikeet, scaly-breasted",331424,Trichoglossus chlorolepidotus,,30326852769911,Malaysia
"Sandpiper, spotted wood",5649,Tringa glareola,"OXYGEN, NITROGEN, CARBON DIOXIDE",58935638734117042,Japan
"Finch, common melba",432605,Pytilia melba,Oak California Live Coast,6304750569757701,Netherlands
"Eagle, golden",478364,Aquila chrysaetos,Ethyl Alcohol,3543884733971035,United States
American beaver,241153,,,3541793610872327,
Common seal,394294,,"Avobenzone, Homosalate, Octisalate, Octocrylene, and Oxybenzone",5475475520264978,
Common genet,72226,Genetta genetta,,5422794712153805,Nigeria
"Duiker, common",33917,Sylvicapra grimma,Amitriptyline Hydrochloride,201754622766227,Indonesia
"Bulbul, black-eyed",402362,Pycnonotus barbatus,Celery Apium graveolens,3569829740875298,Poland
Grey fox,325619,Vulpes cinereoargenteus,,3561794883513114,Malta
"Gecko, tokay",447079,Gekko gecko,Cilostazol,5610075944161120928,China
African red-eyed bulbul,105015,Pycnonotus nigricans,,5602219140465508,France
"Squirrel, golden-mantled ground",208104,Spermophilus lateralis,"ascorbic acid, folic acid, vitamin b-12, biotin, iron, magnesium, zinc",3543965288190962,China
Red-billed buffalo weaver,325086,,,4844423456030226,
"Stork, yellow-billed",453330,Mycteria ibis,Salicylic Acid,,China
"Bird, pied butcher",425568,Cracticus nigroagularis,"EUPATORIUM PERFOLIATUM FLOWERING TOP, BRYONIA ALBA ROOT, GELSEMIUM SEMPERVIRENS ROOT, EUPHRASIA STRICTA, POTASSIUM IODIDE, and CAIRINA MOSCHATA HEART/LIVER AUTOLYSATE",201642978086326,Philippines
Malabar squirrel,357314,Ratufa indica,,3534554048959238,Japan
Slender-billed cockatoo,158889,Cacatua tenuirostris,Nitrofurantoin,3576743499103144,Brazil
Grey fox,456075,Vulpes cinereoargenteus,,3581756567595929,Portugal
"Squirrel, richardson's ground",352979,Spermophilus richardsonii,,6334864331152418597,Slovenia
"Antechinus, brown",418673,Antechinus flavipes,,201824914304027,Canada
"Badger, eurasian",488021,Meles meles,Ranitidine,6763933592817353068,Mexico
Southern boubou,365946,Laniarius ferrugineus,Octinoxate and Titanium Dioxide,30001113331906,China
Yellow-brown sungazer,270214,Cordylus giganteus,Ampicillin Sodium,,Belarus
Rose-ringed parakeet,93808,Psittacula krameri,Levothyroxine,3563558151064292,Philippines
"Dragon, frilled",117937,Chlamydosaurus kingii,"Brompheniramine maleate, Dextromethorphan HBr, Phenylephrine HCl",3575768245460440,Cuba
Frilled dragon,431140,Chlamydosaurus kingii,,3536080563786770,China
Malabar squirrel,51247,,,3588322772149144,
"Wallaby, tammar",462846,Macropus eugenii,,30008453383397,Sweden
,214272,Hippopotamus amphibius,adapalene,5593802679532581,Indonesia
Sable antelope,284904,Hippotragus niger,Acetaminophen,5100133469311085,China
Civet (unidentified),417288,unavailable,verapamil hydrochloride,3577903470677495,Mongolia
"Turkey, australian brush",392109,Alectura lathami,Famotidine,6759351868154540,Russia
Common duiker,459626,Sylvicapra grimma,,3533129330355451,Bulgaria
Agouti,139884,Dasyprocta leporina,Sulfamethoxazole and Trimethoprim,3566601410298389,Peru
Javanese cormorant,307279,Phalacrocorax niger,,201400959666552,Japan
"Rabbit, eastern cottontail",287342,Sylvilagus floridanus,,3574081515166155,Czech Republic
Groundhog,391452,Marmota monax,Levothyroxine Sodium,3583503838581926,Canada
Squirrel glider,315882,Petaurus norfolcensis,Sodium Fluoride,374622912920625,Indonesia
"Rhea, common",195478,Rhea americana,Miconazole Nitrate,3584125662149064,China
"Insect, stick",86464,Leprocaulinus vipera,"avobenzone, homosalate, octisalate, and octocrylene",,China
"Cockatoo, red-breasted",191301,Eolophus roseicapillus,,201492615835986,Portugal
Red brocket,360268,Mazama americana,,5602239751478343,Poland
,423603,Falco mexicanus,Titanium Dioxide,675989705214167841,Czech Republic
Blue-tongued skink,257462,Tiliqua scincoides,Secale Quartz,36084134151663,Colombia
Seven-banded armadillo,452939,Dasypus septemcincus,"Avobenzone, Homosalate, Octocrylene, Oxybenzone and Octisalate",3552016363580996,Indonesia
Koala,189994,Phascolarctos cinereus,diphenhydramine citrate and ibuprofen,3532785536730093,China
"Sungazer, yellow-brown",214023,Cordylus giganteus,Cetylpyridinium chloride 0.07%,589329537502729376,Sweden
"Parakeet, rose-ringed",38434,Psittacula krameri,,374288677554361,Ukraine
Common nighthawk,445433,Chordeiles minor,BENZALKONIUM CHLORIDE,5602249860029051,China
Western pygmy possum,57224,Cercatetus concinnus,,6304466321883251,China
Leadbeateri's ground hornbill,450635,Bucorvus leadbeateri,,6396478229801920,Czech Republic
"Creeper, black-tailed tree",426752,Climacteris melanura,,560223525448580365,Vietnam
"Dragon, ornate rock",141507,Ctenophorus ornatus,,4913935865582360,Montenegro
Common raccoon,283034,Procyon lotor,"ZINC OXIDE, OCTINOXATE",3564621326517443,Slovenia
,247734,Spilogale gracilis,Ibuprofen,4844281558429617,Samoa
"Rhinoceros, square-lipped",41839,Ceratotherium simum,,30371778913060,Indonesia
"Godwit, hudsonian",210755,Limosa haemastica,,3550335454343755,China
"Butterfly, tropical buckeye",242137,Junonia genoveua,,337941918033324,China
Lesser mouse lemur,153709,,,5602218567912232,
Yellow-rumped siskin,433478,Carduelis uropygialis,,5602242360899511,Russia
Cape Barren goose,213176,Cereopsis novaehollandiae,methotrexate,3579509227912800,Morocco
"Glider, sugar",236400,Petaurus breviceps,,5141122597899385,China
"Lemur, lesser mouse",380698,Microcebus murinus,,560222007038468047,Slovenia
Southern right whale,72189,Eubalaena australis,Aluminum Chlorohydrate,,Poland
"Vulture, lappet-faced",360499,Aegypius tracheliotus,,3577700516490614,Russia
,218625,,carvedilol,4026477390109512,
"Tortoise, galapagos",445810,Geochelone elephantopus,Nortriptyline Hydrochloride,5293938866832237,China
Russian dragonfly,137810,Libellula quadrimaculata,OXYGEN,4041379351377586,Sweden
White stork,215285,Ciconia ciconia,buprenorphine hydrochloride and naloxone hydrochloride,4330405420834,China
Gecko (unidentified),259861,unavailable,naltrexone,3556851766857955,Indonesia
"Rat, desert kangaroo",215137,Dipodomys deserti,Levetiracetam,5610253151897028,China
"Vulture, griffon",314851,,Atenolol and Chlorthalidone,4266914888577817,
Rhesus monkey,462339,Macaca mulatta,VENLAFAXINE HYDROCHLORIDE,5641823655734076,China
Common langur,224623,Semnopithecus entellus,,4041374749028017,Russia
"Gecko, tokay",137038,Gekko gecko,,3589415644195698,Panama
Sacred ibis,14497,Threskionis aethiopicus,,201865189709804,Russia
Eurasian hoopoe,394186,Upupa epops,OCTINOXATE,3573563138984370,Philippines
"Falcon, prairie",391050,Falco mexicanus,Oxycodone Hydrochloride,372301655241125,Philippines
White spoonbill,158327,Platalea leucordia,,30265975216519,El Salvador
Frilled dragon,316626,Chlamydosaurus kingii,,5355620811721559,Japan
"Sheep, american bighorn",179537,,,,
Southern black-backed gull,478599,Larus dominicanus,,374622460755795,Colombia
,409975,Tenrec ecaudatus,Triamcinolone Acetonide,6388038115866104,Philippines
Grizzly bear,188020,Ursus arctos,,30300685454033,China
Collared lemming,111396,Dicrostonyx groenlandicus,Fluoxetine hydrochloride,3549118823273992,Tanzania
Gila monster,337396,Heloderma horridum,Glycerin,6304545257464784618,Czech Republic
,182387,Echimys chrysurus,Parathyreoidea Aurum Special Order,201970803512285,Russia
Yellow-billed hornbill,25662,Tockus flavirostris,CEFAZOLIN SODIUM,5048376451832908,Ghana
"Openbill, asian",209458,Anastomus oscitans,Ear Formula,36757251194927,Indonesia
Goanna lizard,22381,Varanus sp.,simethicone,63045867764549348,Brazil
Neotropic cormorant,459695,Phalacrocorax brasilianus,,5002350666322546,Canada
,177112,Leipoa ocellata,Echinacea Apis Child Size,3579652973741203,Guatemala
Long-finned pilot whale,404501,Globicephala melas,"TITANIUM DIOXIDE, OCTINOXATE, ZINC OXIDE",490500209583556092,Philippines
Black-cheeked waxbill,181955,Estrilda erythronotos,,3544612890040263,Portugal
"Squirrel, eastern fox",449046,Sciurus niger,,4952162573310982,South Korea
Red howler monkey,342685,Alouatta seniculus,,201452849374632,United States
"Sparrow, house",57080,Passer domesticus,Benzoyl Peroxide,3557876063850295,Argentina
Black-faced kangaroo,448112,Macropus fuliginosus,Guinea Pig Epithelium,337941012016399,Croatia
Red phalarope,237969,Phalaropus fulicarius,Triclocarban,201443142735058,China
Australian brush turkey,94735,,,5100178512413420,
"Moorhen, purple",224838,Porphyrio porphyrio,,3556258133261822,United States
Mexican beaded lizard,115226,Heloderma horridum,"OCTINOXATE, TITANIUM DIOXIDE, ZINC OXIDE",4911249210288893,Georgia
Civet cat,130583,Bassariscus astutus,,,Estonia
Common genet,479483,Genetta genetta,Risperidone,6767342595270337,Laos
"Macaw, scarlet",476655,Ara macao,,5572844893592004,Indonesia
Pocket gopher (unidentified),195032,unavailable,diphenhydramine hydrochloride,3585166068523121,Russia
"Cat, ringtail",484841,Bassariscus astutus,SODIUM CHLORIDE,3552144140862782,Indonesia
"Weaver, chestnut",176993,,paroxetine hydrochloride,3544179825462608,
"Goose, cape barren",332069,Cereopsis novaehollandiae,ABSINTHIUM,3538102551227696,Egypt
Western spotted skunk,465702,Spilogale gracilis,,201453561075225,United States
"Screamer, crested",56706,,,201987014088178,
"Caiman, spectacled",130795,Caiman crocodilus,,675936296451572194,South Africa
"Gorilla, western lowland",335515,,Simvastatin,36050879032111,
"Shrike, crimson-breasted",153235,Laniaurius atrococcineus,Eastern Cottonwood,5018303866746781041,China
"Legaan, Monitor (unidentified)",260570,Varanus sp.,,3558355783992652,Micronesia
Puku,461816,Kobus vardonii vardoni,levetiracetam,374622800249590,Democratic Republic of the Congo
Mocking cliffchat,431694,Thamnolaea cinnmomeiventris,erythromycin and benzoyl peroxide,4175005348327982,Peru
Turkey vulture,211469,Cathartes aura,Oxygen,491123645350444084,Philippines
"Wallaby, whip-tailed",233294,Macropus parryi,,6373822737982663,Malaysia
Denham's bustard,61730,Neotis denhami,,3570036694672336,Gambia
Guanaco,450655,Lama guanicoe,Verapamil Hydrochloride,6371335106523358,Uruguay
Southern hairy-nosed wombat,447147,Lasiorhinus latifrons,,5002353396275901,China
Little grebe,174798,Tachybaptus ruficollis,levothyroxine sodium,30488954381266,Philippines
Blue and gold macaw,240940,Ara ararauna,MECLIZINE HYDROCHLORIDE,,Peru
"Dragonfly, russian",161114,Libellula quadrimaculata,,564182086980966034,China
Moose,383881,Alces alces,,5590770686564249,Micronesia
,276823,Snycerus caffer,,3571993210496187,China
"Wallaroo, common",181099,Macropus robustus,"Salicylic Acid,Niacinamide",,China
Flying fox (unidentified),493580,unavailable,Cladosporium cladosporioides,3537201238316251,China
"Bulbul, black-eyed",394284,Pycnonotus barbatus,,560225464870382959,Sweden
Ringtail cat,413679,Bassariscus astutus,,3530509879644097,China
Greater rhea,135087,Rhea americana,quetiapine fumarate,3570493219796969,Liberia
Sportive lemur,75340,,,3545116677524779,
Bennett's wallaby,11062,Macropus rufogriseus,,3585110914958826,China
Eastern box turtle,416066,Terrapene carolina,pantoprazole sodium,4026347528156448,Mexico
"Curlew, black",21010,Haematopus ater,Salicylic Acid,5602227211459946,Sweden
Brown capuchin,196958,,,6759840368022444004,
Sportive lemur,325846,Lepilemur rufescens,,677126542223987830,Bangladesh
Grey mouse lemur,316277,Microcebus murinus,PLATINUM,564182439250588675,Indonesia
"Boa, emerald green tree",160990,,,6398988744122980,
Racer snake,62453,Coluber constrictor,Helium Oxygen Mix,3571768748858003,China
"Skunk, striped",366851,,,3565442848891649,
"Spoonbill, european",95126,,,3544596887123085,
"Constrictor, eastern boa",357877,Acrantophis madagascariensis,,5002359934690808,Spain
"Monkey, black spider",57555,Ateles paniscus,,589307555601643021,Indonesia
"Glider, feathertail",283976,Acrobates pygmaeus,,3571894888343240,China
Cuis,114214,Microcavia australis,azithromycin,372301143319517,China
,20899,Pycnonotus nigricans,,5458163536718994,Tuvalu
"Mongoose, yellow",105038,Cynictis penicillata,risperidone,,Cambodia
,91110,Cercatetus concinnus,Prednisone,3539106834432212,Greece
"Cormorant, king",4678,Phalacrocorax albiventer,Nitrogen,5002351682391689,Indonesia
Seven-banded armadillo,220680,Dasypus septemcincus,,,Israel
Egyptian vulture,300780,Neophron percnopterus,titanium dioxide,3531452385059113,Nigeria
"Vulture, egyptian",306542,Neophron percnopterus,,3555551161764407,China
Greater rhea,428499,Rhea americana,,3580345863227493,Portugal
,96402,Zonotrichia capensis,,4844410406055890,Philippines
Four-horned antelope,30825,Tetracerus quadricornis,,5007662002734373,Philippines
"Lemur, lesser mouse",293647,Microcebus murinus,,5048372979432289,Portugal
Hudsonian godwit,129021,,"Carduus marianus, Chelidonium majus, Taraxacum officinale, Lycopodium clavatum, Magnesia phosphorica, Natrum sulphuricum,",4405392877298475,
"Woodpecker, red-headed",85577,Melanerpes erythrocephalus,Metoprolol succinate,5322411683630403,Portugal
"Whale, long-finned pilot",134311,Globicephala melas,,589336354630301016,Mongolia
"Bustard, stanley",393288,Neotis denhami,,4041597941467,China
,257403,Coluber constrictor,,6374947888407910,Brazil
Southern ground hornbill,85088,Bucorvus leadbeateri,RANOLAZINE,4041594148664795,China
"Dunnart, fat-tailed",56121,Smithopsis crassicaudata,urea,3585138536694305,China
"Toucan, white-throated",376765,Ramphastos tucanus,Benztropine Mesylate,4844911779133545,Poland
"Bustard, kori",94604,Choriotis kori,,491165280567584925,Moldova
Hippopotamus,121367,Hippopotamus amphibius,Citalopram,3533134053664733,Indonesia
Dassie,131634,Dendrohyrax brucel,Chloroxylenol,3538901532623786,Cambodia
Water monitor,59147,Varanus salvator,Oxycodone and Acetaminophen,3553721480832753,Philippines
Common green iguana,158976,Iguana iguana,,3570865653708867,Brazil
"Gull, pacific",105870,Gabianus pacificus,"SAPONARIA, ECHINACEA ANGUSTIFOLIA, KALIUM BROMATUM, VIOLA TRICOLOR, SELENIUM METALLICUM, NUX VOMICA, THUJA OCCIDENTALIS, PULSATILLA, CALCAREA PICRATA, SULPHUR IODATUM, ANTIMONIUM TARTARICUM",5610440520720888,France
"Heron, yellow-crowned night",64634,Nyctanassa violacea,,4405258401055709,Russia
Native cat,12084,Dasyurus viverrinus,Doxazosin Mesylate,4017953652880,Croatia
Cereopsis goose,464720,Cereopsis novaehollandiae,Menthol,6331100210353557652,Indonesia
"Cat, tiger",346770,Dasyurus maculatus,,3587400401846644,Philippines
Barking gecko,56949,Phylurus milli,,36078307970743,United States
Red-headed woodpecker,182416,Melanerpes erythrocephalus,,5100173123580162,Indonesia
Crown of thorns starfish,307067,Acanthaster planci,,3548662761813963,China
Reindeer,273589,Rangifer tarandus,,5602231402992863,South Africa
"Rat, white-faced tree",159015,Echimys chrysurus,mesalamine,5602240260724300,Philippines
"Buffalo, african",424195,Snycerus caffer,,3564368306758379,Czech Republic
"Pademelon, red-legged",386247,Thylogale stigmatica,,5414580383855624,Serbia
Four-spotted skimmer,194314,Libellula quadrimaculata,,3539474580653807,Thailand
,280073,Nasua narica,"CALENDULA OFFICINALIS FLOWERING TOP, PHYTOLACCA AMERICANA ROOT, and THUJA OCCIDENTALIS LEAFY TWIG",3571374816745626,Japan
Nilgai,224764,Boselaphus tragocamelus,,3534541786635997,Brazil
"Sifaka, verreaux's",408361,Propithecus verreauxi,,5272886015929443,China
African lion,316253,Panthera leo,,4017958830911,Brazil
Water monitor,67193,Varanus salvator,BUPIVACAINE HYDROCHLORIDE,4913182207075866,Brazil
"Macaw, blue and gold",23469,Ara ararauna,Phenylephrine Hydrochloride,5020526594484510,France
Herring gull,50450,unavailable,"Sodium Ascorbate, Cholecalciferol, di-alpha-Tocopheryl Acetate, Thiamine Mononitrate, Riboflavin, Niacinamide, Pyridoxine HCL, Folic Acid, Cyanocobalamin, Calcium Formate, Calcium Carbonate, Ferrous (II) bis-Glycinate Chelate, Potassium Iodide, Zinc Oxide, Choline Bitartrate, with Doconexent and Icosapent",4175007825350339,Philippines
Galapagos hawk,137760,Buteo galapagoensis,,6304674672179119236,China
"Trotter, lily",135825,Actophilornis africanus,Oxygen,3558486173148314,Philippines
"Lion, australian sea",407054,Neophoca cinerea,,,Czech Republic
Bengal vulture,391921,Gyps bengalensis,Clonazepam,3548456520320802,East Timor
Red-shouldered glossy starling,45988,Lamprotornis nitens,"Dextromethorphan Hydrobromide, Guaifenesin, Phenylephrine Hydrochloride",5540724953492767,Cyprus
Land iguana,191892,Conolophus subcristatus,tapentadol hydrochloride,3548882252670652,Kyrgyzstan
European stork,364068,Ciconia ciconia,"Penicillium notatum, Penicillium frequentans, Aconitum napellus, Colloidal silver",3531770535031355,Sweden
"Vulture, king",187186,Sarcorhamphus papa,,3587001195127512,Syria
American marten,412594,Martes americana,,30168459142922,Uzbekistan
Painted stork,245619,Mycteria leucocephala,,3566355387619255,Nigeria
Lily trotter,415719,Actophilornis africanus,ENALAPRIL MALEATE,3546118763814402,Aland Islands
"Oryx, fringe-eared",371610,Oryx gazella callotis,olopatadine hydrochloride,374283396781684,Philippines
Asian red fox,415731,Vulpes vulpes,,6759614898813734316,United States
Eurasian red squirrel,227552,Sciurus vulgaris,,6763406768395645,Indonesia
"Tenrec, tailless",167665,Tenrec ecaudatus,,,Sweden
"Lion, african",228406,,Tobramycin,3570577594632748,
"Otter, cape clawless",176799,Aonyx capensis,,5602237742973034,Brazil
"Partridge, coqui",420060,Francolinus coqui,,67593710711245866,Portugal
"Dog, black-tailed prairie",65085,Cynomys ludovicianus,,3534616108912165,Indonesia
"Dog, african wild",370262,Lycaon pictus,Arnica Aurum 3/30 Special Order,5893569863701259,Portugal
Crab-eating fox,489861,,,3542901249964972,
"Bear, sloth",39270,Melursus ursinus,,6389466517834991,Poland
Potoroo,421707,Potorous tridactylus,Tretinoin,372967613052810,Indonesia
